Timestamp,hová?,melyik napra? ,hány órától?,hány darab óráig legyen ez a fenti időponttól kezdve?,hány fok?
14/10/2024 18:17:06,Oktopusz,14/10/2024,0,168,16
16/10/2024 14:47:57,Mérce,16/10/2024,14,2,22
20/10/2024 16:33:22,Gólyafészek,22/10/2024,16,2,20
20/10/2024 16:34:52,Gólyafészek,23/10/2024,18,2,20
21/10/2024 11:49:39,kisterem,21/10/2024,11,7,21
21/10/2024 11:53:23,kisterem,21/10/2024,11,2,22
21/10/2024 15:55:15,Oktopusz,21/10/2024,16,3,22
22/10/2024 12:47:49,Oktopusz,22/10/2024,12,3,22
23/10/2024 17:03:59,Gólyafészek,28/10/2024,0,96,16
29/10/2024 10:06:31,Gólyafészek,29/10/2024,16,2,20
29/10/2024 10:08:07,Gólyafészek,30/10/2024,18,2,20
29/10/2024 11:01:14,Gólyafészek,30/10/2024,9,7,20
30/10/2024 11:37:58,Gólyafészek,30/10/2024,10,8,16
04/11/2024 20:51:12,Gólyafészek,05/11/2024,16,2,20
04/11/2024 20:51:46,Gólyafészek,06/11/2024,18,2,20
08/11/2024 15:25:11,Gólyafészek,08/11/2024,16,3,20
11/11/2024 13:54:54,vendégtér,11/11/2024,13,11,16
11/11/2024 13:56:47,kisterem,11/11/2024,13,11,16
11/11/2024 14:30:22,Gólyafészek,12/11/2024,16,2,20
11/11/2024 14:31:09,Gólyafészek,13/11/2024,18,2,20
11/11/2024 14:31:56,Gólyafészek,16/11/2024,14,3,20
14/11/2024 16:08:46,Gólyafészek,14/11/2024,5,5,20
14/11/2024 18:03:56,Mérce,14/11/2024,18,2,21
15/11/2024 19:31:24,vendégtér,15/11/2024,19,2,21
15/11/2024 19:32:40,kisterem,15/11/2024,19,2,22
15/11/2024 21:51:45,kisterem,15/11/2024,21,4,21
15/11/2024 21:52:48,vendégtér,15/11/2024,21,4,21
16/11/2024 13:57:14,Gólyafészek,16/11/2024,14,4,20
20/11/2024 14:43:40,Gólyafészek,21/11/2024,16,2,20
30/11/2024 10:40:39,vendégtér,30/11/2024,10,5,21
30/11/2024 10:42:00,kisterem,30/11/2024,10,6,21
03/12/2024 14:28:30,trafóház,03/12/2024,15,7,20
04/12/2024 23:01:07,kisterem,04/12/2024,11,1,22
07/12/2024 12:11:50,Mérce,07/12/2024,12,5,21
08/12/2024 14:33:20,Mérce,08/12/2024,14,6,21
08/12/2024 14:37:59,Mérce,08/12/2024,14,6,21
10/12/2024 19:19:53,PK,10/12/2024,19,2,21
11/12/2024 20:52:04,Gólyafészek,11/12/2024,20,1,21
13/12/2024 11:11:19,Gólyafészek,14/12/2024,16,3,20
19/12/2024 10:04:51,SZGK,19/12/2024,10,17,21
23/12/2024 13:08:23,Oktopusz,23/12/2024,0,324,14
23/12/2024 13:10:46,Gólyafészek,23/12/2024,0,324,14
23/12/2024 13:11:29,PK,23/12/2024,0,324,14
23/12/2024 13:13:13,SZGK,23/12/2024,0,324,14
23/12/2024 13:14:29,Lahmacun,23/12/2024,0,324,14
23/12/2024 13:16:58,Gólyairoda,23/12/2024,0,324,14
23/12/2024 13:17:52,Mérce,23/12/2024,0,324,14
23/12/2024 20:31:05,vendégtér,23/12/2024,20,60,10
24/12/2024 13:25:01,vendégtér,24/12/2024,14,72,19
24/12/2024 13:25:51,kisterem,24/12/2024,14,72,19
24/12/2024 13:28:44,vendégtér,24/12/2024,13,72,18
24/12/2024 13:29:56,kisterem,24/12/2024,13,80,18
24/12/2024 13:31:31,kisterem,24/12/2024,13,80,18
24/12/2024 13:32:35,vendégtér,24/12/2024,13,80,18
24/12/2024 14:34:45,vendégtér,24/12/2024,14,80,18
26/12/2024 23:02:03,Gólyafészek,27/12/2024,15,4,20
27/12/2024 16:58:46,Gólyafészek,27/12/2024,16,4,14
27/12/2024 17:42:21,Oktopusz,27/12/2024,17,7,14
27/12/2024 21:07:02,Gólyairoda,27/12/2024,21,4,21
28/12/2024 16:46:43,Gólyafészek,28/12/2024,16,4,21
29/12/2024 15:22:37,Gólyafészek,29/12/2024,15,3,21
30/12/2024 13:07:35,PK,30/12/2024,16,3,21
30/12/2024 14:58:46,Gólyafészek,30/12/2024,15,5,20
31/12/2024 18:56:22,Gólyafészek,02/01/2025,8,4,22
06/01/2025 17:31:45,PK,06/01/2025,17,10,21
06/01/2025 17:33:10,SZGK,06/01/2025,17,10,21
08/01/2025 06:35:08,Gólyafészek,09/01/2025,17,4,20
08/01/2025 20:37:19,kisterem,08/01/2025,20,2,20
10/01/2025 13:57:56,PK,18/01/2025,9,5,20
11/01/2025 12:41:08,Lahmacun,11/01/2025,13,7,21
11/01/2025 22:40:17,vendégtér,11/01/2025,22,4,21
15/01/2025 13:03:20,Trafóház,15/01/2025,18,4,20
15/01/2025 13:04:43,Trafóház,15/01/2025,18,4,20
15/01/2025 21:36:33,Trafóház,15/01/2025,21,2,20
16/01/2025 08:24:01,Gólyafészek,16/01/2025,17,4,20
17/01/2025 12:54:36,Gólyairoda,17/01/2025,13,3,18
17/01/2025 12:55:12,Trafóház,17/01/2025,13,6,20
17/01/2025 15:02:13,Trafóház,17/01/2025,15,8,20
17/01/2025 21:08:42,kisterem,17/01/2025,21,2,24
18/01/2025 16:33:50,Gólyairoda,18/01/2025,16,8,14
19/01/2025 13:49:43,Gólyairoda,19/01/2025,13,10,14
20/01/2025 18:03:01,Gólyafészek,20/01/2025,18,1,20
22/01/2025 00:48:28,Mérce,22/01/2025,5,1,17
23/01/2025 08:21:30,Gólyafészek,23/01/2025,17,3,20
23/01/2025 20:39:45,Trafóház,23/01/2025,20,3,22
25/01/2025 11:38:04,Gólyafészek,25/01/2025,11,9,21
26/01/2025 14:17:35,Trafóház,25/01/2025,14,6,20
26/01/2025 15:47:33,Trafóház,26/01/2025,15,4,22
26/01/2025 18:50:23,Gólyairoda,26/01/2025,18,1,20
26/01/2025 20:41:25,kisterem,26/01/2025,21,2,15
26/01/2025 21:32:42,vendégtér,26/01/2025,21,3,15
27/01/2025 14:21:06,vendégtér,27/01/2025,15,3,15
27/01/2025 14:21:37,kisterem,27/01/2025,15,3,15
27/01/2025 15:30:45,vendégtér,27/01/2025,15,3,16
28/01/2025 11:15:13,kisterem,28/01/2025,14,3,15
28/01/2025 13:40:48,vendégtér,28/01/2025,14,3,15
28/01/2025 18:38:19,Trafóház,28/01/2025,18,5,20
29/01/2025 15:13:35,Trafóház,29/01/2025,17,4,22
29/01/2025 17:03:15,Gólyafészek,29/01/2025,17,5,16
31/01/2025 17:45:51,Oktopusz,31/01/2025,18,6,16
03/02/2025 14:55:57,PK,08/02/2025,9,14,20
04/02/2025 17:08:38,Oktopusz,04/02/2025,17,6,16
05/02/2025 16:31:57,Gólyafészek,05/02/2025,17,7,16
06/02/2025 14:16:00,Gólyafészek,06/02/2025,17,4,20
11/02/2025 15:25:15,Gólyafészek,11/02/2025,17,2,16
13/02/2025 18:09:20,Gólyafészek,13/02/2025,18,3,20
14/02/2025 13:27:57,Trafóház,14/02/2025,13,8,20
16/02/2025 15:28:37,Trafóház,16/02/2025,15,5,24
18/02/2025 11:25:20,Gólyafészek,19/02/2025,8,8,21
19/02/2025 18:05:36,Gólyafészek,20/02/2025,17,4,20
20/02/2025 14:22:16,Trafóház,20/02/2025,14,10,21
21/02/2025 14:32:52,Gólyafészek,21/02/2025,16,3,21
21/02/2025 14:48:16,Trafóház,21/02/2025,15,6,22
24/02/2025 19:58:41,kisterem,24/02/2025,20,4,21
24/02/2025 21:35:46,Trafóház,25/02/2025,08,12,21
26/02/2025 16:45:43,Trafóház,26/02/2025,16,6,22
28/02/2025 10:31:28,Gólyafészek,02/03/2025,15,4,20
01/03/2025 15:56:34,Trafóház,01/03/2025,16,6,23
07/03/2025 22:34:28,Oktopusz,07/03/2025,22,3,16
07/03/2025 23:31:47,Trafóház,07/03/2025,23,2,20
15/03/2025 12:57:55,Trafóház,15/03/2025,13,8,20
19/03/2025 09:46:13,Mérce,19/03/2025,10,5,18
19/03/2025 12:31:10,Mérce,19/03/2025,12,6,21
24/03/2025 20:58:55,PK,24/03/2025,21,3,16
03/04/2025 12:26:54,Mérce,03/04/2025,12,5,19
04/04/2025 17:48:01,Gólyafészek,05/04/2025,9,3,22
08/04/2025 15:57:23,Gólyairoda,08/04/2025,16,3,19
16/04/2025 14:47:49,Lahmacun,16/04/2025,15,5,20
16/04/2025 14:48:41,Lahmacun,16/04/2025,15,5,19
17/04/2025 14:44:32,Lahmacun,17/04/2025,15,5,19
05/10/2025 22:46:01,Mérce,05/10/2025,22,1,20
05/10/2025 22:46:19,PK,05/10/2025,22,2,20
05/10/2025 22:46:34,SZGK,05/10/2025,22,2,20
05/10/2025 22:46:44,Mérce,05/10/2025,23,1,20
12/10/2025 18:47:39,PK,12/10/2025,18,2,22
12/10/2025 18:55:52,PK,12/10/2025,18,4,22
12/10/2025 19:01:07,PK,12/10/2025,19,3,25
12/10/2025 21:04:50,PK,12/10/2025,21,3,16
12/10/2025 23:43:51,Gólyafészek,12/10/2025,23,1,25
15/10/2025 15:26:59,Lahmacun,15/10/2025,15,1,23
15/10/2025 16:52:33,DiósEdit,15/10/2025,17,5,16
18/10/2025 14:32:03,Gólyafészek,18/10/2025,15,3,20
21/10/2025 16:00:07,Gólyafészek,21/10/2025,17,5,20
22/10/2025 14:42:25,Gólyafészek,22/10/2025,14,10,16
22/10/2025 14:43:16,Gólyafészek,23/10/2025,0,24,16
23/10/2025 17:06:15,Gólyafészek,23/10/2025,17,8,20
24/10/2025 11:35:59,PK,24/10/2025,11,13,16
27/10/2025 20:10:49,Lahmacun,27/10/2025,20,4,16
29/10/2025 11:29:50,Gólyafészek,29/10/2025,11,48,16
22/11/2025 20:37:09,Trafóház,22/11/2025,20,6,19
24/11/2025 09:50:16,Lahmacun,24/11/2025,15,4,22
27/11/2025 11:44:48,kisterem,27/11/2025,11,5,21
27/11/2025 11:45:15,vendégtér,27/11/2025,11,4,20
27/11/2025 11:46:08,kisterem,27/11/2025,11,3,23
27/11/2025 11:47:13,kisterem,27/11/2025,12,3,23
27/11/2025 17:38:17,Trafóház,27/11/2025,17,3,24
29/11/2025 10:55:06,SZGK,29/11/2025,11,13,14
30/11/2025 13:02:08,Gólyafészek,30/11/2025,13,11,16
06/12/2025 18:52:47,Gólyafészek,06/12/2025,19,4,20
07/12/2025 14:13:16,Mérce,07/12/2025,14,10,14
07/12/2025 14:13:50,DiósEdit,07/12/2025,14,10,14
11/12/2025 16:19:12,Mérce,11/12/2025,16,3,24
13/12/2025 17:54:41,Gólyafészek,13/12/2025,18,5,20
15/12/2025 15:33:07,Gólyafészek,15/12/2025,16,3,20
16/12/2025 12:32:13,Gólyairoda,16/12/2025,13,7,20
16/12/2025 14:18:59,Gólyairoda,16/12/2025,15,5,18
18/12/2025 15:54:23,Gólyairoda,18/12/2025,16,4,19
19/12/2025 11:15:54,Gólyafészek,19/12/2025,11,2,21
20/12/2025 13:49:45,Gólyafészek,20/12/2025,14,5,20
06/01/2026 16:15:30,Gólyafészek,07/01/2026,0,20,22
06/01/2026 16:16:04,Gólyafészek,06/01/2026,20,4,22
06/01/2026 16:57:10,Trafóház,06/01/2026,17,7,20
06/01/2026 21:59:06,vendégtér,06/01/2026,22,2,16
06/01/2026 22:03:38,Lahmacun,06/01/2026,22,2,16
06/01/2026 23:02:19,kisterem,06/01/2026,23,1,16
07/01/2026 08:33:40,Gólyairoda,07/01/2026,8,12,14
07/01/2026 08:46:18,Mérce,07/01/2026,8,16,14
07/01/2026 08:46:45,DiósEdit,07/01/2026,8,18,14
07/01/2026 08:47:11,SZGK,07/01/2026,8,18,14
07/01/2026 08:47:31,GÉPműhely,07/01/2026,8,18,14
07/01/2026 08:50:09,kisterem,07/01/2026,8,10,14
08/01/2026 21:24:24,Gólyafészek,17/01/2026,15,4,21
11/01/2026 06:09:21,DiósEdit,11/01/2026,6,10,5
11/01/2026 06:10:52,SZGK,11/01/2026,6,18,14
11/01/2026 09:32:42,Gólyafészek,11/01/2026,10,8,20
15/01/2026 11:18:30,Gólyairoda,15/01/2026,11,6,23
15/01/2026 16:01:14,Trafóház,15/01/2026,16,8,19
15/01/2026 16:02:18,Trafóház,15/01/2026,16,8,19
15/01/2026 16:03:05,Trafóház,16/01/2026,16,8,19
15/01/2026 16:03:38,Trafóház,17/01/2026,16,19,8
16/01/2026 06:09:51,Gólyairoda,16/01/2026,6,12,24
16/01/2026 06:27:47,Gólyairoda,16/01/2026,6,12,23
16/01/2026 07:11:34,Gólyairoda,16/01/2026,7,8,22
16/01/2026 13:52:17,Gólyafészek,16/01/2026,14,1,20
16/01/2026 17:09:00,Trafóház,17/01/2026,16,8,18
21/01/2026 10:33:28,SZGK,21/01/2026,10,8,22
21/01/2026 10:34:51,SZGK,21/01/2026,10,8,22
21/01/2026 10:46:53,SZGK,21/01/2026,10,6,22
26/01/2026 20:00:34,Trafóház,27/01/2026,19,4,20
29/01/2026 11:52:24,Trafóház,29/01/2026,18,5,19
29/01/2026 11:53:19,Trafóház,29/01/2026,20,6,19
29/01/2026 11:54:14,Trafóház,31/01/2026,19,6,19
29/01/2026 11:55:15,Trafóház,30/01/2026,19,7,19
29/01/2026 16:14:03,Gólyafészek,29/01/2026,16,2,20
30/01/2026 12:04:44,Gólyafészek,30/01/2026,12,1,20
03/02/2026 10:30:45,GÉPműhely,03/02/2026,8,6,21
03/02/2026 10:37:42,GÉPműhely,03/02/2026,10,6,21
03/02/2026 10:43:27,GÉPműhely,03/02/2026,10,6,21
03/02/2026 12:12:39,GÉPműhely,03/02/2026,12,3,22
06/02/2026 08:02:24,Trafóház,06/02/2026,20,6,18
06/02/2026 08:03:02,Trafóház,07/02/2026,19,5,19
06/02/2026 08:09:10,Trafóház,08/02/2026,19,5,19
06/02/2026 08:10:58,Trafóház,09/02/2026,17,3,19
06/02/2026 08:12:11,Trafóház,11/02/2026,18,4,19
06/02/2026 08:13:07,Trafóház,12/02/2026,18,7,19
06/02/2026 08:14:04,Trafóház,13/02/2026,18,6,19
06/02/2026 08:14:58,Trafóház,14/02/2026,18,7,19
06/02/2026 08:15:30,Trafóház,15/02/2026,18,6,19
07/02/2026 21:35:50,PK,07/02/2026,21,3,22
09/02/2026 16:36:59,Trafóház,09/02/2026,18,5,18
11/02/2026 14:38:37,Lahmacun,11/02/2026,22,1,21
11/02/2026 17:41:13,Trafóház,11/02/2026,17,6,19
11/02/2026 18:13:57,Gólyafészek,11/02/2026,18,2,21
11/02/2026 20:04:51,Trafóház,12/02/2026,10,8,20
12/02/2026 14:53:12,Lahmacun,12/02/2026,15,24,25
16/02/2026 10:23:04,Trafóház,19/02/2026,19,6,19
16/02/2026 10:23:55,Trafóház,20/02/2026,20,7,19
16/02/2026 10:24:34,Trafóház,21/02/2026,19,6,19
16/02/2026 10:25:16,Trafóház,21/02/2026,18,7,19
16/02/2026 10:25:56,Trafóház,22/02/2026,18,6,19
16/02/2026 10:26:46,Trafóház,23/02/2026,18,5,19
16/02/2026 10:27:47,Trafóház,24/02/2026,17,4,19
16/02/2026 10:28:56,Trafóház,25/02/2026,17,5,20
16/02/2026 10:31:27,Trafóház,26/02/2026,19,6,19
16/02/2026 10:32:31,Trafóház,27/02/2026,19,7,19
16/02/2026 10:33:38,Trafóház,28/02/2026,19,6,19
16/02/2026 10:34:40,Trafóház,01/03/2026,12,5,20
18/02/2026 15:56:29,Gólyafészek,18/02/2026,18,2,21
